variants,wildtype,position,mutation,type,essentiality
p.(M1V),M,1,V,missense,-0.47597647664707327
p.(A2V),A,2,V,missense,-0.6899567247986039
p.(L3V),L,3,V,missense,-0.037107031717583
p.(D4G),D,4,G,missense,-0.26803203015242144
p.(V5A),V,5,A,missense,-0.032416670851475045
p.(K6E),K,6,E,missense,1.0728758985390412
p.(S7P),S,7,P,missense,0.23786570909033536
p.(R8Q),R,8,Q,missense,0.10273563285658042
p.(A9V),A,9,V,missense,-0.25957420200420595
p.(K10G),K,10,G,missense,-0.23830446175332165
p.(R11C),R,11,C,missense,-0.5337907333372148
p.(Y12C),Y,12,C,missense,0.028486189993148794
p.(E13G),E,13,G,missense,0.19316777700829543
p.(K14R),K,14,R,missense,0.09323487882229568
p.(D16G),D,16,G,missense,-0.2230048902135428
p.(F17W),F,17,W,missense,-0.6927664892890554
p.(L18A),L,18,A,missense,-0.2714546494258524
p.(G19S),G,19,S,missense,-1.3863660460175742
p.(E20L),E,20,L,missense,-0.4433034945139006
p.(G21D),G,21,D,missense,-0.3794686548303161
p.(Q22R),Q,22,R,missense,0.014573433071693823
p.(F23P),F,23,P,missense,-0.6385261136862954
p.(A24V),A,24,V,missense,-2.6097834877935298
p.(T25A),T,25,A,missense,-0.7174872828697193
p.(V26A),V,26,A,missense,-2.7797334146677093
p.(Y27H),Y,27,H,missense,-0.12264060502802672
p.(K28N),K,28,N,missense,-0.1978679188104917
p.(A29K),A,29,K,missense,-1.792892946773695
p.(R30G),R,30,G,missense,-0.9443347194896939
p.(D31N),D,31,N,missense,-0.7361652919497311
p.(K32G),K,32,G,missense,-0.9614258945831076
p.(N33D),N,33,D,missense,-0.6998700899443251
p.(T34A),T,34,A,missense,-0.8306479922637163
p.(Q36L),Q,36,L,missense,-0.3280243188210475
p.(V38A),V,38,A,missense,-0.1688420399599337
p.(A39T),A,39,T,missense,-1.4669078124192718
p.(I40T),I,40,T,missense,0.0631035517892453
p.(I43T),I,43,T,missense,-0.5972730768264554
p.(K44E),K,44,E,missense,-0.7428275807708397
p.(L45P),L,45,P,missense,-1.8707593548321846
p.(G46E),G,46,E,missense,-1.042530417382684
p.(H47R),H,47,R,missense,-0.8772475481655886
p.(R48K),R,48,K,missense,-0.8850493506528156
p.(S49P),S,49,P,missense,-1.878973938920345
p.(E50Q),E,50,Q,missense,-0.9453430906440115
p.(A51P),A,51,P,missense,-2.394271350075742
p.(D53N),D,53,N,missense,-1.424830520156244
p.(I55T),I,55,T,missense,-2.0687095682349335
p.(N56G),N,56,G,missense,-2.00196903631935
p.(R57G),R,57,G,missense,-1.8300143089760177
p.(A59D),A,59,D,missense,-3.95688870246924
p.(E62K),E,62,K,missense,-2.188263470440583
p.(I63T),I,63,T,missense,-1.0441794554363275
p.(H71R),H,71,R,missense,-1.578915832173062
p.(P72S),P,72,S,missense,-2.4199994259498805
p.(N73S),N,73,S,missense,-1.3827013087330031
p.(I74T),I,74,T,missense,-0.6948642303344422
p.(G76S),G,76,S,missense,-2.069140269758352
p.(L77T),L,77,T,missense,-2.993384790755124
p.(D79N),D,79,N,missense,-4.727878585672103
p.(A80C),A,80,C,missense,-4.727878585672103
p.(G82A),G,82,A,missense,-3.8067336621722085
p.(H83R),H,83,R,missense,-3.0671869177638573
p.(K84E),K,84,E,missense,-0.7405352735720983
p.(S85L),S,85,L,missense,-2.82581325865089
p.(N86I),N,86,I,missense,-1.5997980899838913
p.(I87T),I,87,T,missense,-1.5997980899838913
p.(S88N),S,88,N,missense,-4.0998920478482335
p.(V90A),V,90,A,missense,-3.732131794058281
p.(F91L),F,91,L,missense,-0.5866007153506854
p.(D92N),D,92,N,missense,-3.732131794058281
p.(M94T),M,94,T,missense,-1.379535772598186
p.(E95N),E,95,N,missense,-3.10828160478248
p.(T96C),T,96,C,missense,-1.5676181644596927
p.(D97R),D,97,R,missense,-0.7712843856831765
p.(I101T),I,101,T,missense,-1.2671076663026881
p.(I102T),I,102,T,missense,-0.8960198289979723
p.(K103G),K,103,G,missense,-0.4581932791899011
p.(D104G),D,104,G,missense,-2.730312647915151
p.(N105D),N,105,D,missense,-0.1238203195201107
p.(L107F),L,107,F,missense,-2.4420583570674728
p.(P111T),P,111,T,missense,-1.0379054985018334
p.(H113T),H,113,T,missense,0.03949082078166205
p.(I114L),I,114,L,missense,-0.7361558127502854
p.(A116T),A,116,T,missense,-0.003297900057668557
p.(Y117H),Y,117,H,missense,-0.1662721995600168
p.(M118T),M,118,T,missense,0.0820255351567996
p.(M120T),M,120,T,missense,-0.808786206750075
p.(T121A),T,121,A,missense,-0.6242827929126314
p.(L122P),L,122,P,missense,-0.44713584283082575
p.(Q123K),Q,123,K,missense,-0.6313751825428946
p.(G124E),G,124,E,missense,-2.5185040521380038
p.(L125S),L,125,S,missense,-0.4640732414238462
p.(E126K),E,126,K,missense,-2.743724282905573
p.(Y127H),Y,127,H,missense,-0.7171304786230934
p.(L128S),L,128,S,missense,-0.8404154865459668
p.(H131R),H,131,R,missense,-1.5485781110729433
p.(I133T),I,133,T,missense,-0.5869282892591579
p.(L134P),L,134,P,missense,-0.5467753023283449
p.(R136S),R,136,S,missense,-3.982268480868697
p.(D137N),D,137,N,missense,-2.2275647718246803
p.(L138P),L,138,P,missense,-0.754919787381817
p.(K139E),K,139,E,missense,0.1538888148394925
p.(P140L),P,140,L,missense,-1.8275674103298154
p.(L143P),L,143,P,missense,-0.6434059648529313
p.(L145P),L,145,P,missense,-0.5654135727753781
p.(D146N),D,146,N,missense,-2.062924746299424
p.(E147K),E,147,K,missense,-1.468078572342752
p.(N148S),N,148,S,missense,-0.41932183124839006
p.(G149R),G,149,R,missense,-3.610692050324919
p.(V150G),V,150,G,missense,-2.434393273324226
p.(K152E),K,152,E,missense,-0.396054361885752
p.(F156P),F,156,P,missense,-0.213532101641041
p.(G157L),G,157,L,missense,-3.0413223174281647
p.(L158V),L,158,V,missense,-0.4803586549354164
p.(A159L),A,159,L,missense,-3.5814617025606053
p.(S161A),S,161,A,missense,-3.1854368364538983
p.(G163W),G,163,W,missense,-2.934376675335411
p.(S164G),S,164,G,missense,-3.6422508731776944
p.(R167L),R,167,L,missense,-1.6034703162497734
p.(A168V),A,168,V,missense,-1.3380205361822175
p.(Y169C),Y,169,C,missense,-0.2377495553202291
p.(T170A),T,170,A,missense,-0.429411060677842
p.(H171R),H,171,R,missense,-1.0256195609293948
p.(Q172R),Q,172,R,missense,-1.0395760602356816
p.(V173G),V,173,G,missense,0.1111887577911358
p.(V174C),V,174,C,missense,-0.6381570938362949
p.(R176G),R,176,G,missense,-1.4860357899295056
p.(W177R),W,177,R,missense,0.1980997801433593
p.(Y178C),Y,178,C,missense,-0.009608844471114
p.(R179W),R,179,W,missense,-2.814048801766763
p.(A180P),A,180,P,missense,-1.4914905490053842
p.(P181S),P,181,S,missense,-0.9214498737033812
p.(L184R),L,184,R,missense,-0.2257454183155678
p.(F185S),F,185,S,missense,-0.9016511153995984
p.(G186E),G,186,E,missense,-2.7399283627169453
p.(A187M),A,187,M,missense,-0.9587006882884124
p.(R188W),R,188,W,missense,-0.9389048698974216
p.(M189L),M,189,L,missense,-0.11163849249749196
p.(Y190C),Y,190,C,missense,-0.1588436882150475
p.(G191A),G,191,A,missense,-0.5464273451594587
p.(V192G),V,192,G,missense,0.0052828700268067
p.(G193V),G,193,V,missense,-0.5464273451594587
p.(D195G),D,195,G,missense,0.08545079681247673
p.(M196D),M,196,D,missense,0.15368534503592138
p.(A198C),A,198,C,missense,0.0123083332095782
p.(G200C),G,200,C,missense,-3.443494200836928
p.(C201R),C,201,R,missense,-0.4212546705007558
p.(I202V),I,202,V,missense,-0.0498447966063737
p.(L203V),L,203,V,missense,-1.4168781733021454
p.(A204S),A,204,S,missense,-2.8302919909364563
p.(E205K),E,205,K,missense,-0.5321533049496899
p.(L206T),L,206,T,missense,0.4630127004045382
p.(L208K),L,208,K,missense,-0.152867145511466
p.(R209W),R,209,W,missense,-3.295593728201859
p.(V210A),V,210,A,missense,-1.4409562003838223
p.(F212L),F,212,L,missense,0.5842092967237378
p.(L213C),L,213,C,missense,0.0988034266673677
p.(P214Q),P,214,Q,missense,-3.2040153103900635
p.(G215E),G,215,E,missense,-2.4362919577189968
p.(D216G),D,216,G,missense,-1.6728097648158473
p.(S217F),S,217,F,missense,-1.0769629790860868
p.(D218R),D,218,R,missense,-1.6997789552005276
p.(L219P),L,219,P,missense,-2.7122198570223555
p.(D220G),D,220,G,missense,-2.190589263571349
p.(Q221R),Q,221,R,missense,-0.1873972244948276
p.(R224K),R,224,K,missense,-1.7995886694880554
p.(I225N),I,225,N,missense,-0.5043493437330663
p.(E227K),E,227,K,missense,-1.2382366971124592
p.(T228A),T,228,A,missense,-0.2976305023710718
p.(T231A),T,231,A,missense,-0.2621298083276674
p.(P232Q),P,232,Q,missense,-0.24530814846784108
p.(T233L),T,233,L,missense,0.252655228197558
p.(E234N),E,234,N,missense,-0.2972038296204428
p.(E235G),E,235,G,missense,-0.5244891211720452
p.(W237R),W,237,R,missense,0.03750893628310067
p.(P238L),P,238,L,missense,-0.3157668512297288
p.(D239G),D,239,G,missense,-2.7752279635417954
p.(M240V),M,240,V,missense,-1.4710856108404904
p.(L243F),L,243,F,missense,-2.4908065510345283
p.(P244F),P,244,F,missense,-2.1561959177732177
p.(D245G),D,245,G,missense,-1.9237826658543398
p.(Y246C),Y,246,C,missense,-0.3646416888180437
p.(V247A),V,247,A,missense,-0.5195947982673119
p.(T248A),T,248,A,missense,-2.640510362843776
p.(K250E),K,250,E,missense,-1.18025981909017
p.(S251G),S,251,G,missense,-0.3263656788519469
p.(F252L),F,252,L,missense,-0.402184134331409
p.(P253L),P,253,L,missense,-1.836853554386668
p.(G254K),G,254,K,missense,-1.802258743656427
p.(I255M),I,255,M,missense,-0.5126907637005477
p.(P256H),P,256,H,missense,-1.1680226805310288
p.(L257S),L,257,S,missense,-0.5944054872562409
p.(H258R),H,258,R,missense,-0.02486775818333231
p.(H259R),H,259,R,missense,0.0711884572328012
p.(F261L),F,261,L,missense,0.19278823515614052
p.(S262I),S,262,I,missense,-0.0798066752237587
p.(I272T),I,272,T,missense,-0.4692520259026838
p.(G274S),G,274,S,missense,-3.0788300151362007
p.(L275S),L,275,S,missense,-0.6384119556869492
p.(F276P),F,276,P,missense,-2.064076476403295
p.(L277S),L,277,S,missense,-0.7254829318476568
p.(P280S),P,280,S,missense,-2.691658741963943
p.(A282T),A,282,T,missense,-1.0577405075988704
p.(I284V),I,284,V,missense,0.12158992877949265
p.(T285A),T,285,A,missense,0.13585454892012674
p.(A286T),A,286,T,missense,-1.3894161359617951
p.(T287Q),T,287,Q,missense,-0.7782855506304618
p.(A289T),A,289,T,missense,-4.226720471791332
p.(Y294C),Y,294,C,missense,-0.2610193054460241
p.(S296G),S,296,G,missense,-0.3993584347105361
p.(N297D),N,297,D,missense,-0.11592978138547266
p.(R298W),R,298,W,missense,-0.23758626580679912
p.(P299Q),P,299,Q,missense,0.06704743678953891
p.(G300V),G,300,V,missense,-0.4282239429219402
p.(P301L),P,301,L,missense,-0.2695793377262713
p.(T302A),T,302,A,missense,0.0280272921808757
p.(P303G),P,303,G,missense,0.5825171634034166
p.(G304N),G,304,N,missense,0.01704092274455996
p.(C305L),C,305,L,missense,0.4213901586140311
p.(Q306E),Q,306,E,missense,0.0082573999240515
p.(L307V),L,307,V,missense,0.3146877922323098
p.(P308L),P,308,L,missense,-0.1747051035378672
p.(R309G),R,309,G,missense,0.6027856274028586
p.(P310Q),P,310,Q,missense,-1.3831880542745547
p.(C312R),C,312,R,missense,0.02238530315120683
p.(P313S),P,313,S,missense,-2.574976811261694
p.(V314L),V,314,L,missense,-0.2533428437957169
p.(E315G),E,315,G,missense,-1.0673328098009003
p.(L317S),L,317,S,missense,-0.5506366678853349
p.(K318R),K,318,R,missense,-1.3857300022270949
p.(E319G),E,319,G,missense,-1.9575638524735772
p.(Q320R),Q,320,R,missense,-0.8600701340298439
p.(S321P),S,321,P,missense,-2.3907943684445327
p.(P323S),P,323,S,missense,-4.266248516298176
p.(A324V),A,324,V,missense,-2.906037171728698
p.(L325S),L,325,S,missense,-0.7042426302096247
p.(A326Q),A,326,Q,missense,-2.7998054361185813
p.(I327M),I,327,M,missense,-0.6137854187410554
p.(K328E),K,328,E,missense,-0.8246249412932286
p.(K330E),K,330,E,missense,-0.0690456591224992
p.(T332A),T,332,A,missense,-1.5276671691064807
p.(E333G),E,333,G,missense,-0.08279090907673414
p.(A334G),A,334,G,missense,-1.9123910764488974
p.(G338R),G,338,R,missense,-1.082698067437386
p.(G339D),G,339,D,missense,-2.7766433644136717
p.(L340S),L,340,S,missense,-0.8764286033617606
